unique_sample,response_type,threshold,ctmax_1h,ctmax_1m,z_1h,z_1m,r_squared_1h,r_squared_1m,valid_fit,issues
1,fvfm_io,T90,44.249241645846205,54.00638605060442,-5.487240977196437,-5.487240977196437,0.9964199418520356,0.9964199418520359,TRUE,NA
2,fvfm_io,T90,45.947801547953404,54.37903895493892,-4.7415749392333435,-4.741574939233345,0.9948785358394402,0.9948785358394402,TRUE,NA
3,fvfm_io,T90,44.3654784667017,52.41348900662904,-4.526055102562812,-4.526055102562813,0.9827416782962175,0.9827416782962175,TRUE,NA
4,fvfm_io,T90,49.4978024399795,65.94828538639737,-9.251453127437056,-9.251453127437056,0.9686867713856401,0.9686867713856401,TRUE,NA
5,fvfm_io,T90,47.3269493874167,50.02165915948257,-1.5154558823297348,-1.515455882329735,0.9486177189627947,0.9486177189627947,TRUE,NA
6,fvfm_io,T90,44.45169912018561,56.03942251245692,-6.516725385296221,-6.5167253852962235,0.9932019932966691,0.9932019932966691,TRUE,NA
7,fvfm_io,T90,43.19303291226751,53.711763594387016,-5.91554328117478,-5.915543281174781,0.9926841179049894,0.9926841179049894,TRUE,NA
8,fvfm_io,T90,50.24453024056403,58.750113698464126,-4.783385809314576,-4.783385809314576,0.9851761326337994,0.9851761326337994,TRUE,NA
9,fvfm_io,T90,49.307743137238496,61.067546767498136,-6.613500188874487,-6.613500188874489,0.9742279593478191,0.9742279593478189,TRUE,NA
10,fvfm_io,T90,52.593462402871694,72.68896189680405,-11.30134429767808,-11.301344297678082,0.9742476728380479,0.9742476728380479,TRUE,NA
11,fvfm_io,T90,50.944138642324305,62.156999980554644,-6.305909767693337,-6.305909767693338,0.9884389250714867,0.9884389250714867,TRUE,NA
12,fvfm_io,T90,55.388535012618306,71.48667759967319,-9.053303302281867,-9.053303302281869,0.982665744399791,0.982665744399791,TRUE,NA
13,fvfm_io,T90,52.29441701710764,59.72931755230187,-4.181253160320373,-4.181253160320373,0.9793842736537726,0.9793842736537727,TRUE,NA
14,fvfm_io,T90,53.59600241045575,68.61973962706382,-8.449077216219171,-8.449077216219173,0.9800786169532126,0.9800786169532126,TRUE,NA
15,fvfm_io,T90,49.8476567544413,64.95573527686872,-8.496509236302474,-8.496509236302476,0.9243032014162538,0.924303201416254,TRUE,NA
16,fvfm_io,T90,57.36096142120116,66.87852403153055,-5.352504523040955,-5.352504523040956,0.9344002459215349,0.9344002459215351,TRUE,NA
17,fvfm_io,T90,47.03690187630573,51.27679080610549,-2.3844366045267407,-2.384436604526741,0.9976586446373293,0.9976586446373293,TRUE,NA
18,fvfm_io,T90,43.94399796590579,60.957372976465024,-9.568013411057427,-9.568013411057429,0.9735284334886704,0.9735284334886704,TRUE,NA
19,fvfm_io,T90,43.66769234267584,61.225580507922224,-9.874237729472217,-9.874237729472219,0.9833712753935137,0.9833712753935137,TRUE,NA
20,fvfm_io,T90,49.297802352956005,62.17055452741735,-7.239402256520074,-7.239402256520077,0.9808134118156181,0.980813411815618,TRUE,NA
21,fvfm_io,T90,58.120284934445564,64.14223419471304,-3.386635000238713,-3.386635000238714,0.5806112545316348,0.5806112545316351,TRUE,NA
22,fvfm_io,T90,NA,NA,NA,NA,0.005933603099300973,0.005933603099300962,FALSE,Poor fit (R² = 0.006); CTmax out of range (130.0°C); z out of range (129.3)
23,fvfm_io,T90,58.91502059096805,74.08306869730173,-8.530235042188403,-8.530235042188403,0.13918692397948695,0.13918692397948693,TRUE,NA
24,fvfm_io,T90,NA,NA,NA,NA,NA,NA,FALSE,Insufficient data points
25,fvfm_io,T90,NA,NA,NA,NA,0.3593638752725986,0.35936387527259867,FALSE,z out of range (5.8)
26,fvfm_io,T90,58.11759175586766,79.85399178442606,-12.224156985446925,-12.224156985446925,0.17351920836151064,0.1735192083615106,TRUE,NA
27,fvfm_io,T90,60.66113245261101,67.88397635402652,-4.061996357091197,-4.061996357091197,0.3986051115431133,0.39860511154311357,TRUE,NA
28,fvfm_io,T90,NA,NA,NA,NA,NA,NA,FALSE,Insufficient data points
29,fvfm_io,T90,51.708263947481214,62.52155741669603,-6.0812000480171715,-6.081200048017172,0.985414339138724,0.985414339138724,TRUE,NA
30,fvfm_io,T90,53.80403988342331,65.98125862210536,-6.848246872168362,-6.848246872168366,0.9845255261649902,0.9845255261649902,TRUE,NA
31,fvfm_io,T90,51.26089394843739,63.10643927386604,-6.661719762519028,-6.66171976251903,0.9903042297998571,0.9903042297998571,TRUE,NA
32,fvfm_io,T90,NA,NA,NA,NA,0.024751691232054812,0.024751691232054833,FALSE,Poor fit (R² = 0.025)
33,fvfm_io,T90,44.84035260372324,52.0613790400924,-4.06097424772566,-4.060974247725661,0.9770084007955102,0.9770084007955102,TRUE,NA
34,fvfm_io,T90,44.69143547891188,54.39195725250103,-5.45539743680197,-5.455397436801971,0.9823429915707825,0.9823429915707825,TRUE,NA
35,fvfm_io,T90,44.42302119602245,53.526284801679935,-5.119510279957016,-5.119510279957017,0.9839319263228136,0.9839319263228136,TRUE,NA
36,fvfm_io,T90,48.80000476806836,67.98917929691656,-10.791643581898919,-10.79164358189892,0.9652446302885873,0.9652446302885873,TRUE,NA
37,fvfm_io,T90,50.06851256791058,58.42363578100919,-4.6987696976260915,-4.698769697626093,0.9819516377458969,0.9819516377458968,TRUE,NA
38,fvfm_io,T90,52.10695535097075,68.80005521624423,-9.387896480500117,-9.387896480500117,0.9939614551036525,0.9939614551036525,TRUE,NA
39,fvfm_io,T90,51.04974831309254,64.48905836756181,-7.55802412847033,-7.558024128470332,0.9822256970722902,0.9822256970722902,TRUE,NA
40,fvfm_io,T90,57.99785866754711,72.09499348805542,-7.927972841155542,-7.927972841155544,0.2760586963895927,0.2760586963895929,TRUE,NA
41,fvfm_io,T90,49.903568292603545,57.39334377674258,-4.2121138359422945,-4.2121138359422945,0.9892355153400044,0.9892355153400044,TRUE,NA
42,fvfm_io,T90,50.926274720532575,71.27212745208709,-11.442138416045763,-11.44213841604577,0.9800720745128318,0.9800720745128318,TRUE,NA
43,fvfm_io,T90,51.16862017370409,62.51943374267373,-6.38349159922175,-6.383491599221751,0.9807933561156041,0.9807933561156041,TRUE,NA
44,fvfm_io,T90,53.5874626325412,84.87570307836761,-17.595938725165155,-17.595938725165155,0.9825289604033207,0.9825289604033207,TRUE,NA
45,fvfm_io,T90,50.20550531707002,60.55291642557324,-5.81919626143767,-5.819196261437671,0.9700545975581815,0.9700545975581814,TRUE,NA
46,fvfm_io,T90,53.69493779275539,66.44766405555566,-7.171901861581689,-7.1719018615816905,0.9883779203057601,0.9883779203057602,TRUE,NA
47,fvfm_io,T90,49.98385328996547,67.60665399300365,-9.910743362937199,-9.9107433629372,0.9767527523000903,0.9767527523000903,TRUE,NA
48,fvfm_io,T90,61.42854487060973,75.59684114273607,-7.967992750374561,-7.967992750374563,0.8623077260602998,0.8623077260602998,TRUE,NA
49,fvfm_io,T90,51.88678480944327,60.38750388051382,-4.780650166422273,-4.780650166422275,0.9853520235147358,0.985352023514736,TRUE,NA
50,fvfm_io,T90,52.87440982535509,67.38138595388679,-8.158460156525916,-8.158460156525917,0.9831556660931224,0.9831556660931224,TRUE,NA
51,fvfm_io,T90,51.00556251450179,64.01480069807202,-7.316159511607029,-7.31615951160703,0.9892010773745445,0.9892010773745445,TRUE,NA
52,fvfm_io,T90,54.98434651544349,79.95646500922052,-14.043866340610336,-14.043866340610336,0.9609844609739292,0.9609844609739292,TRUE,NA
53,fvfm_io,T90,NA,NA,NA,NA,0.026752468952154048,0.02675246895215408,FALSE,Poor fit (R² = 0.027)
54,fvfm_io,T90,NA,NA,NA,NA,0.002954602502808396,0.0029546025028084036,FALSE,Poor fit (R² = 0.003); CTmax out of range (128.6°C); z out of range (126.6)
55,fvfm_io,T90,NA,NA,NA,NA,0.34218515392443,0.3421851539244301,FALSE,z out of range (12.2)
56,fvfm_io,T90,NA,NA,NA,NA,0.06766965375047901,0.06766965375047898,FALSE,Poor fit (R² = 0.068)
57,fvfm_io,T90,51.05345502489485,55.343114620736245,-2.412426724057296,-2.4124267240572963,0.979901405820013,0.979901405820013,TRUE,NA
58,fvfm_io,T90,53.11405835993092,63.82809374514336,-6.025379102537443,-6.025379102537444,0.9701672002657349,0.9701672002657349,TRUE,NA
59,fvfm_io,T90,48.40156488374334,67.25455853595696,-10.602581556628552,-10.602581556628557,0.9395342323015674,0.9395342323015674,TRUE,NA
60,fvfm_io,T90,56.901330247918935,68.47854330047397,-6.510814560941993,-6.510814560941996,0.9353782805535558,0.9353782805535557,TRUE,NA
61,fvfm_io,T90,49.903320830174266,56.139086898245814,-3.5068816934027147,-3.506881693402715,0.9243759777150361,0.9243759777150363,TRUE,NA
62,fvfm_io,T90,51.92368119269566,69.05779534649656,-9.635914914495682,-9.635914914495684,0.9740059971193185,0.9740059971193185,TRUE,NA
63,fvfm_io,T90,51.292144895655014,63.71545860558109,-6.986646218788019,-6.986646218788022,0.9873548753112986,0.9873548753112986,TRUE,NA
64,fvfm_io,T90,55.042095147199895,81.1155131595317,-14.663217207594878,-14.663217207594883,0.9545535421525787,0.9545535421525787,TRUE,NA
65,fvfm_io,T90,44.87868584214004,53.59475237203899,-4.901757669949856,-4.901757669949856,0.9887816576807521,0.9887816576807521,TRUE,NA
66,fvfm_io,T90,45.2306533156533,59.92263771559492,-8.262505451531055,-8.262505451531057,0.974785920868789,0.974785920868789,TRUE,NA
67,fvfm_io,T90,43.031618268009616,61.259061048580556,-10.25078309656633,-10.250783096566334,0.9551174633211312,0.9551174633211311,TRUE,NA
68,fvfm_io,T90,51.108681781850926,59.41463406419648,-4.671116858340086,-4.671116858340087,0.9803128768824702,0.9803128768824703,TRUE,NA
69,fvfm_io,T90,NA,NA,NA,NA,0.03547918122091395,0.03547918122091408,FALSE,Poor fit (R² = 0.035)
70,fvfm_io,T90,57.0226672606981,72.48166388969007,-8.69385921228952,-8.693859212289523,0.8020411749559936,0.8020411749559935,TRUE,NA
71,fvfm_io,T90,61.94292757514416,78.55476477012564,-9.342195829177864,-9.342195829177866,0.3437670588651619,0.34376705886516185,TRUE,NA
72,fvfm_io,T90,73.25217690113047,67.15592841427983,3.428419537165552,3.4284195371655537,0.7109798698136406,0.7109798698136406,TRUE,NA
73,fvfm_io,T90,49.87717281531515,57.58143901497616,-4.3327395225792955,-4.332739522579296,0.9694235807265558,0.9694235807265558,TRUE,NA
74,fvfm_io,T90,52.82581643760375,70.20265516102941,-9.772418808398063,-9.772418808398065,0.9972002246395226,0.9972002246395226,TRUE,NA
75,fvfm_io,T90,48.68362124372661,69.00438277154524,-11.428027578325707,-11.428027578325707,0.9355772156346404,0.9355772156346402,TRUE,NA
76,fvfm_io,T90,56.57320829576133,80.73898338065327,-13.590393437947464,-13.590393437947464,0.9763566556829578,0.976356655682958,TRUE,NA
77,fvfm_io,T90,56.35488656902056,67.58550050735406,-6.315893507883792,-6.315893507883794,0.9615841774193523,0.9615841774193523,TRUE,NA
78,fvfm_io,T90,NA,NA,NA,NA,0.030558103559801764,0.03055810355980179,FALSE,Poor fit (R² = 0.031); z out of range (-36.5)
79,fvfm_io,T90,59.975820977287675,73.70658806068924,-7.721934273273491,-7.721934273273491,0.47252512453761897,0.47252512453761886,TRUE,NA
80,fvfm_io,T90,NA,NA,NA,NA,NA,NA,FALSE,Insufficient data points
1,fvfm_io,T50,39.165729347362614,49.75342364076924,-5.954327164869853,-5.954327164869856,0.9933458432691262,0.9933458432691262,TRUE,NA
2,fvfm_io,T50,41.7238071730746,49.173882363116114,-4.1897871108738,-4.189787110873801,0.999024410146314,0.999024410146314,TRUE,NA
3,fvfm_io,T50,40.49932326406934,47.787488042075815,-4.09873163288782,-4.098731632887821,0.9935652304719362,0.9935652304719362,TRUE,NA
4,fvfm_io,T50,44.1435430176605,55.955673198146975,-6.642927691296196,-6.642927691296198,0.9876033479433795,0.9876033479433795,TRUE,NA
5,fvfm_io,T50,38.90803514561129,46.45329074995496,-4.2433148489003685,-4.243314848900369,0.9262958202967104,0.9262958202967104,TRUE,NA
6,fvfm_io,T50,40.852054183231196,50.59402997079933,-5.478710422111874,-5.4787104221118765,0.9934072712822822,0.9934072712822822,TRUE,NA
7,fvfm_io,T50,38.33052205323517,49.81638152362987,-6.459438963876992,-6.459438963876993,0.9633929407083065,0.9633929407083064,TRUE,NA
8,fvfm_io,T50,44.56168318963064,53.93854380691062,-5.273376275081712,-5.273376275081714,0.9996539482657565,0.9996539482657565,TRUE,NA
9,fvfm_io,T50,44.29952219579866,53.49666865976315,-5.172308296035091,-5.172308296035092,0.9942071310260565,0.9942071310260565,TRUE,NA
10,fvfm_io,T50,46.904287460599946,59.14128493264808,-6.8818653471733295,-6.881865347173331,0.9829340136357587,0.9829340136357587,TRUE,NA
11,fvfm_io,T50,44.973833100427996,54.255099737835096,-5.219615955281997,-5.219615955281998,0.996602934559196,0.996602934559196,TRUE,NA
12,fvfm_io,T50,48.750813430269744,59.73676619723838,-6.178300504300947,-6.178300504300949,0.9610642308310341,0.9610642308310341,TRUE,NA
13,fvfm_io,T50,44.62561978559106,53.30073449337894,-4.87872710823457,-4.878727108234571,0.999582381086696,0.999582381086696,TRUE,NA
14,fvfm_io,T50,46.714877181735375,57.60045422658556,-6.121851019423445,-6.1218510194234455,0.9933366469988738,0.9933366469988738,TRUE,NA
15,fvfm_io,T50,45.868817265243166,53.55286775609349,-4.321370574742983,-4.321370574742985,0.9599043512781882,0.9599043512781882,TRUE,NA
16,fvfm_io,T50,48.91951624687696,58.036299174327404,-5.127113301235458,-5.12711330123546,0.9971980410433826,0.9971980410433826,TRUE,NA
17,fvfm_io,T50,40.57478630079921,49.219397181048954,-4.861572309096105,-4.861572309096105,0.9670579484123715,0.9670579484123716,TRUE,NA
18,fvfm_io,T50,40.45004085577308,54.049394918312785,-7.648029974731103,-7.648029974731107,0.9731516018850827,0.9731516018850827,TRUE,NA
19,fvfm_io,T50,38.38547761098953,53.673970818141555,-8.597971181502958,-8.59797118150296,0.9841730751035619,0.9841730751035619,TRUE,NA
20,fvfm_io,T50,43.76032172147513,55.32152860305811,-6.501812980807227,-6.5018129808072285,0.9919129326184686,0.9919129326184686,TRUE,NA
21,fvfm_io,T50,48.625276139694336,55.89174270071945,-4.086528949355314,-4.086528949355315,0.9910810195860136,0.9910810195860136,TRUE,NA
22,fvfm_io,T50,51.27187090045358,69.63332485587134,-10.326148549768298,-10.326148549768298,0.40778901128649736,0.4077890112864972,TRUE,NA
23,fvfm_io,T50,51.75123260995741,57.369181442889676,-3.15943249018899,-3.1594324901889905,0.8980035397662112,0.8980035397662114,TRUE,NA
24,fvfm_io,T50,NA,NA,NA,NA,0.4868133235173365,0.4868133235173365,FALSE,z out of range (17.5)
25,fvfm_io,T50,51.00990376631374,55.054060931032275,-2.274360611250582,-2.274360611250582,0.9489374457800656,0.9489374457800656,TRUE,NA
26,fvfm_io,T50,52.5858243257818,59.69629043262782,-3.9987971244357916,-3.9987971244357925,0.7628318488544333,0.7628318488544333,TRUE,NA
27,fvfm_io,T50,51.418530161510894,55.770405983324025,-2.4474160006772165,-2.4474160006772174,0.9762368427076173,0.9762368427076173,TRUE,NA
28,fvfm_io,T50,NA,NA,NA,NA,0.3304795408026012,0.33047954080260117,FALSE,z out of range (18.5)
29,fvfm_io,T50,45.85596545909145,54.99789216080061,-5.141253703663709,-5.14125370366371,0.998713737892206,0.998713737892206,TRUE,NA
30,fvfm_io,T50,47.284171076401556,57.422202397654885,-5.7014448681269405,-5.7014448681269405,0.9984822149448991,0.9984822149448991,TRUE,NA
31,fvfm_io,T50,45.472374618768775,55.217875237934486,-5.480692723446937,-5.480692723446939,0.9983251693863555,0.9983251693863555,TRUE,NA
32,fvfm_io,T50,50.811763754860394,56.090430845180244,-2.9686265941555616,-2.968626594155562,0.9826763620691504,0.9826763620691504,TRUE,NA
33,fvfm_io,T50,38.572619226937476,50.45577135993001,-6.682869148745756,-6.682869148745756,0.9600130324397933,0.9600130324397932,TRUE,NA
34,fvfm_io,T50,41.31717364991117,48.98213408023346,-4.310634671076796,-4.310634671076798,0.9947239371480856,0.9947239371480856,TRUE,NA
35,fvfm_io,T50,40.16892632777605,48.591403719784935,-4.736648465754359,-4.736648465754361,0.9922061888236423,0.9922061888236422,TRUE,NA
36,fvfm_io,T50,43.84102952984453,57.56232109098803,-7.716605411481763,-7.716605411481765,0.9846069726876899,0.9846069726876899,TRUE,NA
37,fvfm_io,T50,44.18642553010012,52.9717477964206,-4.9407058395201275,-4.940705839520128,0.9989452942830156,0.9989452942830156,TRUE,NA
38,fvfm_io,T50,46.29969843138801,59.27508933570205,-7.297124415886746,-7.297124415886747,0.99428722603248465,0.99428722603248465,TRUE,NA
39,fvfm_io,T50,45.295063993075594,55.59491314586054,-5.792448280517586,-5.792448280517587,0.9965280380096062,0.9965280380096062,TRUE,NA
40,fvfm_io,T50,50.22840510241544,59.84729575144813,-5.40948957348672,-5.409489573486721,0.9816624896002152,0.9816624896002152,TRUE,NA
41,fvfm_io,T50,43.7502253667058,51.562915983136136,-4.393715447290954,-4.393715447290954,0.99877585936896085,0.99877585936896085,TRUE,NA
42,fvfm_io,T50,45.678748340208045,61.41908230393334,-8.852078224689405,-8.852078224689405,0.9746852840131331,0.9746852840131331,TRUE,NA
43,fvfm_io,T50,45.84127138764915,54.45288155763088,-4.843013308414424,-4.843013308414426,0.9938559035314031,0.9938559035314029,TRUE,NA
44,fvfm_io,T50,46.56611536811671,72.84980068651579,-14.781467725385157,-14.781467725385157,0.9075392104707091,0.9075392104707092,TRUE,NA
45,fvfm_io,T50,45.459087338868684,53.6599305719504,-4.61200543615868,-4.6120054361586815,0.9969135863238476,0.9969135863238476,TRUE,NA
46,fvfm_io,T50,47.15217033618286,57.67754765981708,-5.919281231764349,-5.919281231764351,0.9981759928415527,0.9981759928415527,TRUE,NA
47,fvfm_io,T50,44.92235282687722,57.72481633533614,-7.199873186095237,-7.19987318609524,0.9905250591631599,0.9905250591631599,TRUE,NA
48,fvfm_io,T50,50.799018234548974,61.34884716724632,-5.933032373045418,-5.933032373045419,0.9830740549760606,0.9830740549760606,TRUE,NA
49,fvfm_io,T50,44.588670046647756,53.34363807280132,-4.923635165605089,-4.92363516560509,0.9998473168904889,0.9998473168904889,TRUE,NA
50,fvfm_io,T50,46.97683472217237,57.57810748190991,-5.961963447963309,-5.96196344796331,0.9949469909772812,0.9949469909772812,TRUE,NA
51,fvfm_io,T50,45.057496837303106,55.41206978866108,-5.823223951912936,-5.8232239519129365,0.9966539355547048,0.9966539355547048,TRUE,NA
52,fvfm_io,T50,48.51546494352002,62.61522713378978,-7.929450426237742,-7.929450426237742,0.9466133522607948,0.9466133522607948,TRUE,NA
53,fvfm_io,T50,50.98359645936031,55.03405219926125,-2.2779028156502665,-2.277902815650267,0.9870658919535896,0.9870658919535896,TRUE,NA
54,fvfm_io,T50,53.62049594964184,64.93906283608196,-6.365356650058927,-6.365356650058928,0.6120674123183555,0.6120674123183556,TRUE,NA
55,fvfm_io,T50,NA,NA,NA,NA,0.04332170628675145,0.043321706286751506,FALSE,Poor fit (R² = 0.043)
56,fvfm_io,T50,NA,NA,NA,NA,0.030682783536632303,0.030682783536632337,FALSE,Poor fit (R² = 0.031)
57,fvfm_io,T50,44.02758179475571,52.290194438581544,-4.646743432001711,-4.646743432001712,0.9795322342611947,0.9795322342611947,TRUE,NA
58,fvfm_io,T50,46.369858398874726,57.95102433623435,-6.513037591633967,-6.513037591633968,0.9981640609943668,0.9981640609943668,TRUE,NA
59,fvfm_io,T50,44.39229678883029,55.88158949826328,-6.461369755218592,-6.461369755218593,0.9676991444306582,0.9676991444306582,TRUE,NA
60,fvfm_io,T50,49.13420660766619,58.99356149161054,-5.5447222961585245,-5.544722296158526,0.9996800694561303,0.9996800694561303,TRUE,NA
61,fvfm_io,T50,40.74856566635934,55.27446345026052,-8.16910135218652,-8.16910135218652,0.9193825188869913,0.9193825188869914,TRUE,NA
62,fvfm_io,T50,46.30269728735576,57.97232831482231,-6.562788753177645,-6.562788753177647,0.987819437020483,0.987819437020483,TRUE,NA
63,fvfm_io,T50,44.86115523112417,54.61162239720218,-5.483485819316162,-5.483485819316163,0.9966706068637287,0.9966706068637287,TRUE,NA
64,fvfm_io,T50,48.974535098057245,60.89108467837463,-6.701651267149716,-6.701651267149717,0.9623541120052455,0.9623541120052455,TRUE,NA
65,fvfm_io,T50,39.43512130039078,48.205494533726686,-4.932298774608549,-4.932298774608549,0.9891519785749712,0.9891519785749711,TRUE,NA
66,fvfm_io,T50,40.917046013882825,52.288890748303515,-6.395319145076755,-6.395319145076755,0.984173867684099,0.9841738676840989,TRUE,NA
67,fvfm_io,T50,38.09407485037097,51.60133383323111,-7.5962373729152,-7.596237372915202,0.9508602918175119,0.9508602918175117,TRUE,NA
68,fvfm_io,T50,44.67695710051161,53.688005133997194,-5.067649915349674,-5.0676499153496755,0.9996653677798871,0.9996653677798871,TRUE,NA
69,fvfm_io,T50,53.18690821405181,58.01984717840386,-2.717957183512549,-2.7179571835125493,0.5526410829078849,0.5526410829078849,TRUE,NA
70,fvfm_io,T50,48.84400500555994,63.10259301576847,-8.018771185596373,-8.018771185596373,0.9970292616706821,0.9970292616706821,TRUE,NA
71,fvfm_io,T50,53.128813252303296,63.96207493652886,-6.092429809830989,-6.09242980983099,0.6362791894032129,0.636279189403213,TRUE,NA
72,fvfm_io,T50,NA,NA,NA,NA,0.29839964213641584,0.29839964213641573,FALSE,z out of range (13.1)
73,fvfm_io,T50,45.22433793332212,51.313102630827444,-3.42421078982547,-3.4242107898254712,0.9930405174905247,0.9930405174905247,TRUE,NA
74,fvfm_io,T50,46.0170972216255,61.65941091897572,-8.796953405384006,-8.796953405384007,0.9837634281114171,0.983763428111417,TRUE,NA
75,fvfm_io,T50,44.714214612441175,57.05722026173763,-6.941482422619223,-6.941482422619225,0.9704287297412901,0.9704287297412901,TRUE,NA
76,fvfm_io,T50,49.232439314116675,61.0158920638311,-6.626800024560397,-6.626800024560398,0.9809766140925749,0.9809766140925749,TRUE,NA
77,fvfm_io,T50,48.60841746841776,56.44975489416973,-4.409825893078647,-4.409825893078647,0.991679624134106,0.9916796241341063,TRUE,NA
78,fvfm_io,T50,52.19244059334698,61.289400158432144,-5.115965001921212,-5.115965001921213,0.9030341213325088,0.9030341213325088,TRUE,NA
79,fvfm_io,T50,50.59787898559723,60.1887682837775,-5.393742121830748,-5.3937421218307495,0.9653735512869773,0.9653735512869773,TRUE,NA
80,fvfm_io,T50,57.019151727787516,84.80509205511615,-15.62630868512096,-15.626308685120964,0.5262314461350527,0.5262314461350529,TRUE,NA
1,fvfm_io,T10,32.176566989735,37.483287636269196,-2.9844034051598514,-2.984403405159852,0.8615402318895934,0.8615402318895932,TRUE,NA
2,fvfm_io,T10,33.431463033362384,42.093401194386956,-4.871316857413408,-4.87131685741341,0.7920440634576419,0.7920440634576418,TRUE,NA
3,fvfm_io,T10,33.16132532485253,38.726464881211825,-3.1297335112289195,-3.1297335112289204,0.41421022598658236,0.41421022598658225,TRUE,NA
4,fvfm_io,T10,36.764967703021966,48.573841996857624,-6.641096639719399,-6.641096639719401,0.9020915315498895,0.9020915315498895,TRUE,NA
5,fvfm_io,T10,30.68100570633744,34.67429077975423,-2.2457510701382812,-2.2457510701382812,0.9002406738890332,0.9002406738890334,TRUE,NA
6,fvfm_io,T10,32.40784089753235,44.431071093854285,-6.761646509951202,-6.761646509951205,0.8470704652193147,0.8470704652193147,TRUE,NA
7,fvfm_io,T10,32.1753787259232,37.53341341690038,-3.013261492699878,-3.0132614926998786,0.9603247091974022,0.9603247091974022,TRUE,NA
8,fvfm_io,T10,37.6767193942359,50.48006069151605,-7.200366838601478,-7.200366838601479,0.9625473567190277,0.9625473567190275,TRUE,NA
9,fvfm_io,T10,37.58124937052329,46.14075520678203,-4.813710776522524,-4.813710776522526,0.896766453092543,0.8967664530925432,TRUE,NA
10,fvfm_io,T10,41.9082917440586,49.69127406781754,-4.37700804252716,-4.37700804252716,0.9962441774770616,0.9962441774770616,TRUE,NA
11,fvfm_io,T10,37.543980634458784,47.99449074758164,-5.87717727098193,-5.877177270981932,0.8987502981684969,0.8987502981684968,TRUE,NA
12,fvfm_io,T10,44.21665416899269,49.37683262977777,-2.9019907387921897,-2.9019907387921906,0.9886311379137853,0.9886311379137853,TRUE,NA
13,fvfm_io,T10,34.80754990626526,46.84893497520489,-6.771856480904901,-6.771856480904904,0.9543564482099739,0.9543564482099739,TRUE,NA
14,fvfm_io,T10,40.64009217184773,48.552795591372146,-4.44996083309404,-4.449960833094042,0.9904000424696165,0.9904000424696167,TRUE,NA
15,fvfm_io,T10,43.37134558435508,37.898803310694305,3.0776584795472557,3.0776584795472575,0.26212141464161876,0.26212141464161876,TRUE,NA
16,fvfm_io,T10,42.690871683220266,51.41834632293416,-4.908173383918217,-4.908173383918218,0.9941070609400073,0.9941070609400073,TRUE,NA
17,fvfm_io,T10,32.016656612840094,39.135107533815514,-4.00328763902372,-4.003287639023721,0.8425458282250378,0.8425458282250379,TRUE,NA
18,fvfm_io,T10,31.897924924076158,48.16669607464366,-9.149261710474542,-9.149261710474546,0.8737136938231705,0.8737136938231705,TRUE,NA
19,fvfm_io,T10,31.00451234647638,40.80470249958201,-5.511449125034327,-5.5114491250343285,0.9159948951591746,0.9159948951591746,TRUE,NA
20,fvfm_io,T10,36.21144462888173,49.17930906644668,-7.292891667549129,-7.292891667549131,0.9247236535130023,0.9247236535130022,TRUE,NA
21,fvfm_io,T10,40.43540454848764,51.43799586777217,-6.187657724229404,-6.187657724229405,0.9633638320790796,0.9633638320790796,TRUE,NA
22,fvfm_io,T10,44.71885188084303,57.69272077343124,-7.296268464107897,-7.296268464107899,0.9960237240227405,0.9960237240227405,TRUE,NA
23,fvfm_io,T10,44.121607131892226,51.25330933291089,-4.010739918485544,-4.010739918485545,0.9820923953827337,0.9820923953827339,TRUE,NA
24,fvfm_io,T10,48.386099035750675,53.881031341823295,-3.090250227525391,-3.0902502275253925,0.9311491437800575,0.9311491437800576,TRUE,NA
25,fvfm_io,T10,41.821002159594435,51.49251165161311,-5.439081456052738,-5.439081456052739,0.9649829478583836,0.9649829478583836,TRUE,NA
26,fvfm_io,T10,45.98944449652796,52.69550663473052,-3.771367670076268,-3.771367670076269,0.9955824080086169,0.9955824080086169,TRUE,NA
27,fvfm_io,T10,44.485848744519735,48.58286831604025,-2.3040894696874434,-2.3040894696874434,0.9965472284987948,0.9965472284987948,TRUE,NA
28,fvfm_io,T10,47.97774770025044,54.23860953258867,-3.520995095882549,-3.520995095882549,0.9899859976411017,0.9899859976411017,TRUE,NA
29,fvfm_io,T10,40.162429357747,48.532450327513615,-4.707147925667596,-4.707147925667598,0.992278711664484,0.992278711664484,TRUE,NA
30,fvfm_io,T10,41.51658469596918,51.65469302463464,-5.701488175698277,-5.7014881756982785,0.990636870424383,0.990636870424383,TRUE,NA
31,fvfm_io,T10,39.26565742103411,48.727600201084705,-5.321224939672109,-5.321224939672111,0.9776222216493287,0.9776222216493287,TRUE,NA
32,fvfm_io,T10,43.957987511154656,50.7196233604452,-3.8026213168489917,-3.8026213168489935,0.9979771432483064,0.9979771432483064,TRUE,NA
33,fvfm_io,T10,31.206491580129942,39.32333974869283,-4.564768135900498,-4.564768135900498,0.9406121907182434,0.9406121907182434,TRUE,NA
34,fvfm_io,T10,33.505198640610224,41.094399484295735,-4.2680288541529325,-4.268028854152935,0.6176016802403338,0.6176016802403339,TRUE,NA
35,fvfm_io,T10,33.15770594678942,37.201383575638204,-2.274090928978256,-2.2740909289782567,0.710963762205411,0.710963762205411,TRUE,NA
36,fvfm_io,T10,36.809976780309974,50.400477442771844,-7.643050983165609,-7.643050983165611,0.9316903662991529,0.9316903662991528,TRUE,NA
37,fvfm_io,T10,36.21091148682728,48.37080804315083,-6.838505191107902,-6.838505191107902,0.9465628208947889,0.9465628208947889,TRUE,NA
38,fvfm_io,T10,41.096460280415364,52.08347085545867,-6.178895396369013,-6.178895396369015,0.9967561079310443,0.9967561079310443,TRUE,NA
39,fvfm_io,T10,38.71009012847449,48.31068412794785,-5.3991998697534775,-5.399199869753479,0.9681410345533064,0.9681410345533064,TRUE,NA
40,fvfm_io,T10,43.217729611620285,54.39934194361695,-6.288335893577209,-6.28833589357721,0.9842515729812958,0.9842515729812958,TRUE,NA
41,fvfm_io,T10,34.75009860672029,44.323865255561216,-5.384112654519879,-5.384112654519881,0.9007608487973019,0.9007608487973019,TRUE,NA
42,fvfm_io,T10,41.26532104143504,51.69769032022993,-5.866975194907669,-5.8669751949076705,0.9963118861477788,0.9963118861477788,TRUE,NA
43,fvfm_io,T10,40.72052309408985,46.05158117038035,-2.9980903340704605,-2.998090334070461,0.955721545887215,0.9557215458872151,TRUE,NA
44,fvfm_io,T10,43.558929783747374,54.42972321972975,-6.113536986033645,-6.113536986033646,0.961843583833408,0.961843583833408,TRUE,NA
45,fvfm_io,T10,40.7445055934613,46.158009390401595,-3.0444563114483687,-3.044456311448369,0.9483032742857743,0.9483032742857743,TRUE,NA
46,fvfm_io,T10,41.5739320200694,51.187162164886466,-5.406306208621439,-5.40630620862144,0.9944365880447142,0.9944365880447142,TRUE,NA
47,fvfm_io,T10,39.38720458900474,50.10508808408838,-6.027543209707954,-6.027543209707954,0.992430600793203,0.9924306007932029,TRUE,NA
48,fvfm_io,T10,43.086989727215325,51.983707756033475,-5.003352795156568,-5.003352795156569,0.999617174781921,0.999617174781921,TRUE,NA
49,fvfm_io,T10,35.1698496666733,45.819552553412066,-5.989199672660601,-5.989199672660603,0.9476434755131545,0.9476434755131543,TRUE,NA
50,fvfm_io,T10,41.77500110977317,50.15840819389097,-4.714676033497735,-4.714676033497736,0.9939236505880412,0.9939236505880412,TRUE,NA
51,fvfm_io,T10,38.00991158739581,48.54516289108676,-5.924834178992315,-5.924834178992318,0.9534383671755408,0.9534383671755408,TRUE,NA
52,fvfm_io,T10,43.95855166853968,49.72206006264569,-3.2412925463244546,-3.241292546324456,0.9844432811308649,0.9844432811308649,TRUE,NA
53,fvfm_io,T10,44.43615712294871,49.39324400310959,-2.787775718792968,-2.7877757187929686,0.9878544743465214,0.9878544743465215,TRUE,NA
54,fvfm_io,T10,45.64347193872998,53.75026297709519,-4.559112188356378,-4.55911218835638,0.998426713735947,0.998426713735947,TRUE,NA
55,fvfm_io,T10,44.13179466937685,52.21934425982483,-4.548291147169317,-4.5482911471693175,0.9641464703766032,0.9641464703766031,TRUE,NA
56,fvfm_io,T10,46.28745830506398,55.316013004577584,-5.077495346678559,-5.0774953466785595,0.9756477130847159,0.9756477130847159,TRUE,NA
57,fvfm_io,T10,34.74426359693161,49.63557279691021,-8.374602102473421,-8.374602102473423,0.9381455264470719,0.9381455264470717,TRUE,NA
58,fvfm_io,T10,40.12828361967529,53.726325385397814,-7.647291962811762,-7.6472919628117655,0.9871374004733274,0.9871374004733274,TRUE,NA
59,fvfm_io,T10,39.273853126753885,45.37245953991081,-3.429745592137403,-3.4297455921374045,0.8553843786798296,0.8553843786798295,TRUE,NA
60,fvfm_io,T10,43.57307450039782,53.4311080607443,-5.543979207741501,-5.5439792077415015,0.996175148824889,0.996175148824889,TRUE,NA
61,fvfm_io,T10,30.992700362910583,51.21757745321314,-11.374103910417602,-11.374103910417604,0.9674324937828347,0.9674324937828347,TRUE,NA
62,fvfm_io,T10,41.19939398119528,49.107690246241994,-4.447482329380285,-4.447482329380286,0.9949024811028631,0.9949024811028631,TRUE,NA
63,fvfm_io,T10,36.79819596199524,46.50285198051079,-5.457722461135814,-5.457722461135816,0.9236223386281566,0.9236223386281566,TRUE,NA
64,fvfm_io,T10,44.37795038282334,49.53249059557176,-2.8988198903981304,-2.898819890398131,0.9826364133646921,0.9826364133646921,TRUE,NA
65,fvfm_io,T10,32.404785473465346,35.66699973193905,-1.8346101085438438,-1.8346101085438444,0.6790233165069806,0.6790233165069806,TRUE,NA
66,fvfm_io,T10,32.344249663968725,41.76306103182588,-5.296968616041519,-5.296968616041521,0.8651436531411796,0.8651436531411796,TRUE,NA
67,fvfm_io,T10,31.646981144093957,36.16124070591617,-2.538737669727614,-2.538737669727614,0.8006287684775601,0.8006287684775603,TRUE,NA
68,fvfm_io,T10,36.47511605815799,49.149403212532725,-7.127789130221736,-7.12778913022174,0.9387021369955628,0.9387021369955626,TRUE,NA
69,fvfm_io,T10,44.61671847537665,50.57258769066711,-3.349472781916308,-3.3494727819163086,0.9854606052070582,0.9854606052070582,TRUE,NA
70,fvfm_io,T10,43.29681230995821,54.34414228799264,-6.2128179341610625,-6.212817934161065,0.9991082062519019,0.9991082062519019,TRUE,NA
71,fvfm_io,T10,43.069193223834375,54.092655988167856,-6.199395446228282,-6.199395446228283,0.9657091712927318,0.9657091712927318,TRUE,NA
72,fvfm_io,T10,48.297787996050516,52.44747994650187,-2.3337114598974895,-2.33371145989749,0.9620864154830177,0.9620864154830179,TRUE,NA
73,fvfm_io,T10,40.21714413235873,44.06112329335938,-2.1617841340388164,-2.161784134038817,0.6796123762997104,0.6796123762997104,TRUE,NA
74,fvfm_io,T10,40.37466787042921,52.39720046806164,-6.76125419310563,-6.761254193105632,0.9984603474446432,0.9984603474446432,TRUE,NA
75,fvfm_io,T10,40.13740956826029,47.37813795342854,-4.072054266253244,-4.072054266253245,0.9770567858105248,0.9770567858105248,TRUE,NA
76,fvfm_io,T10,43.75959237192251,50.71566408842241,-3.9119685206751065,-3.911968520675108,0.98961303416036706,0.98961303416036706,TRUE,NA
77,fvfm_io,T10,42.43592961057758,48.422991018753784,-3.36701470523639,-3.3670147052363912,0.9884182740478015,0.9884182740478015,TRUE,NA
78,fvfm_io,T10,46.6338215054597,53.591942831837976,-3.9131211840820814,-3.9131211840820823,0.9864268285658004,0.9864268285658004,TRUE,NA
79,fvfm_io,T10,42.17566596623976,54.11472797969928,-6.714311851077692,-6.714311851077693,0.9861475858989026,0.9861475858989028,TRUE,NA
80,fvfm_io,T10,46.58028651933959,57.87665428912832,-6.3528722696404465,-6.352872269640447,0.9979603909578957,0.9979603909578957,TRUE,NA
1,fvfm_absolute,T0.3,39.2104170148243,49.31888755881668,-5.684820423353425,-5.684820423353427,0.9986254715334734,0.9986254715334734,TRUE,NA
2,fvfm_absolute,T0.3,42.131331906593026,49.11176638903462,-3.925669698196669,-3.92566969819667,0.9995395637791927,0.9995395637791927,TRUE,NA
3,fvfm_absolute,T0.3,40.3129601606277,48.13760131524091,-4.400436213131473,-4.400436213131475,0.9971851866224198,0.9971851866224198,TRUE,NA
4,fvfm_absolute,T0.3,45.59065754719906,59.96555304763625,-8.084180407789123,-8.084180407789125,0.9791400569265093,0.9791400569265093,TRUE,NA
5,fvfm_absolute,T0.3,40.2764964613311,45.248240293404734,-2.796018522609344,-2.7960185226093444,0.9983949688360517,0.9983949688360517,TRUE,NA
6,fvfm_absolute,T0.3,40.48344510945527,51.47933314792332,-6.183887920724205,-6.183887920724206,0.9945728134358476,0.9945728134358476,TRUE,NA
7,fvfm_absolute,T0.3,38.34316066277841,49.76386946382742,-6.422799409546824,-6.422799409546824,0.9912438433123323,0.9912438433123323,TRUE,NA
8,fvfm_absolute,T0.3,46.36556189923097,55.241548936496116,-4.991694061655395,-4.991694061655396,0.9910197144743538,0.9910197144743538,TRUE,NA
9,fvfm_absolute,T0.3,45.75052189385481,55.820215530848195,-5.663012994434983,-5.663012994434984,0.9936300943504347,0.9936300943504347,TRUE,NA
10,fvfm_absolute,T0.3,50.22030864456038,67.66489127269753,-9.81051675124565,-9.810516751245652,0.9815562178800419,0.9815562178800419,TRUE,NA
11,fvfm_absolute,T0.3,46.717219139636924,57.46529078783758,-6.044520479279655,-6.044520479279656,0.9947536451381372,0.9947536451381372,TRUE,NA
12,fvfm_absolute,T0.3,55.184709232911814,65.48864267299072,-5.7947452095853995,-5.7947452095854,0.9829589101973804,0.9829589101973804,TRUE,NA
13,fvfm_absolute,T0.3,47.06165235327871,55.302073815776716,-4.63426351426522,-4.63426351426522,0.9960591357758761,0.9960591357758761,TRUE,NA
14,fvfm_absolute,T0.3,50.200291981911235,63.93175305615249,-7.722324561129787,-7.722324561129787,0.9828386933345388,0.9828386933345388,TRUE,NA
15,fvfm_absolute,T0.3,47.778401702468045,56.6462352701158,-4.987108698281141,-4.987108698281142,0.9741993924170895,0.9741993924170895,TRUE,NA
16,fvfm_absolute,T0.3,55.47938609914203,63.675772711631666,-4.609499113599716,-4.609499113599717,0.9696235223391237,0.969623522339124,TRUE,NA
17,fvfm_absolute,T0.3,41.395118509259134,47.829133835596295,-3.6183734791677558,-3.6183734791677566,0.9996350769949052,0.9996350769949052,TRUE,NA
18,fvfm_absolute,T0.3,40.14920933181216,56.124468909184074,-8.98419612725587,-8.98419612725587,0.9746056972224673,0.9746056972224673,TRUE,NA
19,fvfm_absolute,T0.3,38.69264607104167,55.523567970254646,-9.465405091710634,-9.465405091710634,0.9785742817935126,0.9785742817935126,TRUE,NA
20,fvfm_absolute,T0.3,45.10781516073385,57.68114212732887,-7.071010952461032,-7.071010952461034,0.9791055159175917,0.9791055159175917,TRUE,NA
21,fvfm_absolute,T0.3,54.86986155318782,59.572248703256086,-2.6445372119237387,-2.644537211923739,0.9689582495247109,0.9689582495247109,TRUE,NA
22,fvfm_absolute,T0.3,NA,NA,NA,NA,0.07749668103282935,0.07749668103282938,FALSE,Poor fit (R² = 0.077); z out of range (20.6)
23,fvfm_absolute,T0.3,58.753890877143306,66.76538491907134,-4.505518886652368,-4.505518886652369,0.27614460122360895,0.27614460122360895,TRUE,NA
24,fvfm_absolute,T0.3,NA,NA,NA,NA,NA,NA,FALSE,Insufficient data points
25,fvfm_absolute,T0.3,60.86950975856441,56.53499619424695,2.4376517820867467,2.437651782086747,0.49926475026386136,0.49926475026386136,TRUE,NA
26,fvfm_absolute,T0.3,NA,NA,NA,NA,0.07608833448729296,0.07608833448729298,FALSE,Poor fit (R² = 0.076); z out of range (15.2)
27,fvfm_absolute,T0.3,61.74186702013302,56.267583958691645,3.078637467009778,3.0786374670097785,0.45037240270155304,0.4503724027015532,TRUE,NA
28,fvfm_absolute,T0.3,NA,NA,NA,NA,NA,NA,FALSE,Insufficient data points
29,fvfm_absolute,T0.3,48.00653019343265,59.548916655641335,-6.491228718433461,-6.491228718433462,0.9839208057212664,0.9839208057212664,TRUE,NA
30,fvfm_absolute,T0.3,50.65735919466239,64.55762357557464,-7.817256477992631,-7.817256477992633,0.9832069260620515,0.9832069260620515,TRUE,NA
31,fvfm_absolute,T0.3,47.301545989134155,58.94919613985968,-6.550427106924956,-6.550427106924959,0.990338593490597,0.9903385934905969,TRUE,NA
32,fvfm_absolute,T0.3,NA,NA,NA,NA,0.032493552422122735,0.03249355242212271,FALSE,Poor fit (R² = 0.032); z out of range (8.1)
33,fvfm_absolute,T0.3,39.31498446602303,48.98136236958251,-5.436195543812103,-5.436195543812104,0.9976812801856245,0.9976812801856245,TRUE,NA
34,fvfm_absolute,T0.3,41.11803938210607,49.201862311695855,-4.546195340720121,-4.546195340720123,0.9936827418588836,0.9936827418588835,TRUE,NA
35,fvfm_absolute,T0.3,40.019359187247915,49.19698442155029,-5.161329910671134,-5.161329910671136,0.9961290394566489,0.9961290394566489,TRUE,NA
36,fvfm_absolute,T0.3,44.861588462166466,62.64942116464909,-10.003554365043362,-10.003554365043367,0.9695556716295418,0.9695556716295416,TRUE,NA
37,fvfm_absolute,T0.3,45.913116715655335,54.77588829431329,-4.984261927519256,-4.984261927519257,0.9972639030750735,0.9972639030750735,TRUE,NA
38,fvfm_absolute,T0.3,49.057497588597215,65.96776865811165,-9.510029625357218,-9.51002962535722,0.9872528873437734,0.9872528873437734,TRUE,NA
39,fvfm_absolute,T0.3,47.38008275416594,59.76049402361067,-6.962518664693796,-6.962518664693797,0.9855441093499512,0.9855441093499511,TRUE,NA
40,fvfm_absolute,T0.3,56.377019916585276,71.2234481483226,-8.349361860265901,-8.349361860265903,0.18642559418977794,0.18642559418977794,TRUE,NA
41,fvfm_absolute,T0.3,45.49728030990566,52.76373525465091,-4.08652241657029,-4.08652241657029,0.9969638047098535,0.9969638047098535,TRUE,NA
42,fvfm_absolute,T0.3,48.450916309162864,67.3183518396866,-10.610703406953157,-10.610703406953158,0.983163728302192,0.983163728302192,TRUE,NA
43,fvfm_absolute,T0.3,48.148984036727015,57.43316854131307,-5.22125691084094,-5.22125691084094,0.9858368693283897,0.9858368693283897,TRUE,NA
44,fvfm_absolute,T0.3,53.53351635696073,82.94148000363609,-16.538505169529568,-16.53850516952957,0.9906799831908998,0.9906799831908998,TRUE,NA
45,fvfm_absolute,T0.3,47.419345541160226,56.72397051342227,-5.232752258985018,-5.232752258985019,0.9870570365298826,0.9870570365298826,TRUE,NA
46,fvfm_absolute,T0.3,50.69224010297367,63.94539989731341,-7.453336599729808,-7.453336599729809,0.9925282890448813,0.9925282890448813,TRUE,NA
47,fvfm_absolute,T0.3,46.326773477477936,63.578886068902634,-9.702275094822491,-9.702275094822493,0.9764534417708862,0.9764534417708862,TRUE,NA
48,fvfm_absolute,T0.3,59.63228638852945,69.8092875086198,-5.723360775915219,-5.7233607759152205,0.8216569415018843,0.8216569415018844,TRUE,NA
49,fvfm_absolute,T0.3,46.82527461603377,55.61116497036515,-4.941025321909929,-4.94102532190993,0.9963939503662217,0.9963939503662217,TRUE,NA
50,fvfm_absolute,T0.3,50.19423514549386,65.0042043201867,-8.32885794810623,-8.32885794810623,0.9764072432151754,0.9764072432151754,TRUE,NA
51,fvfm_absolute,T0.3,46.81064039909887,59.5344453557748,-7.155637043772696,-7.155637043772697,0.9874692764485905,0.9874692764485905,TRUE,NA
52,fvfm_absolute,T0.3,54.51417546832102,75.64282325881668,-11.882368153967251,-11.882368153967253,0.9831668541998858,0.9831668541998858,TRUE,NA
53,fvfm_absolute,T0.3,62.039648391017266,56.39853827856247,3.1724579735484824,3.1724579735484832,0.7721702178271644,0.7721702178271642,TRUE,NA
54,fvfm_absolute,T0.3,NA,NA,NA,NA,0.13540362215330606,0.13540362215330606,FALSE,z out of range (16.8)
55,fvfm_absolute,T0.3,NA,NA,NA,NA,0.38970324918504906,0.3897032491850489,FALSE,z out of range (7.8)
56,fvfm_absolute,T0.3,64.2570000421978,81.16241454744828,-9.507298381733865,-9.507298381733866,0.11800051638425178,0.11800051638425181,TRUE,NA
57,fvfm_absolute,T0.3,46.16256722763974,52.82831884070374,-3.748697762142467,-3.7486977621424677,0.999052304268493,0.999052304268493,TRUE,NA
58,fvfm_absolute,T0.3,49.60667082727767,62.16861569943044,-7.064609869066237,-7.064609869066239,0.9976684418817218,0.9976684418817218,TRUE,NA
59,fvfm_absolute,T0.3,45.56400743663113,60.90372561356952,-8.626779175072299,-8.6267791750723,0.9667137444198161,0.9667137444198158,TRUE,NA
60,fvfm_absolute,T0.3,56.707669778672475,66.30677839607564,-5.398364517828347,-5.398364517828349,0.8376375797276304,0.8376375797276305,TRUE,NA
61,fvfm_absolute,T0.3,43.090977023768986,54.695349344538315,-6.526088440601231,-6.5260884406012325,0.9824049656434855,0.9824049656434855,TRUE,NA
62,fvfm_absolute,T0.3,48.98075972207176,64.55422497440233,-8.758234289108152,-8.758234289108156,0.9772218447773318,0.9772218447773318,TRUE,NA
63,fvfm_absolute,T0.3,46.73025298322215,58.54185692616534,-6.642631744850036,-6.6426317448500365,0.9871812531195315,0.9871812531195315,TRUE,NA
64,fvfm_absolute,T0.3,56.13750184351328,74.25274483812478,-10.187683972723388,-10.18768397272339,0.9929454794610896,0.9929454794610896,TRUE,NA
65,fvfm_absolute,T0.3,39.57403604894202,47.72026547436791,-4.581291621659463,-4.581291621659465,0.9973107284753228,0.9973107284753228,TRUE,NA
66,fvfm_absolute,T0.3,40.945425029937226,54.207503931476694,-7.45835254378845,-7.458352543788452,0.9805256793892989,0.9805256793892989,TRUE,NA
67,fvfm_absolute,T0.3,38.53487066906392,53.34667446714247,-8.329889707010487,-8.329889707010489,0.9706946625160771,0.9706946625160771,TRUE,NA
68,fvfm_absolute,T0.3,46.509313275465686,55.53534347409594,-5.076075613186925,-5.076075613186926,0.9920045987038949,0.9920045987038949,TRUE,NA
69,fvfm_absolute,T0.3,NA,NA,NA,NA,0.028857911642416915,0.028857911642416946,FALSE,Poor fit (R² = 0.029)
70,fvfm_absolute,T0.3,56.70095085950156,68.89484500569532,-6.857624818790227,-6.857624818790228,0.7741210032009954,0.7741210032009955,TRUE,NA
71,fvfm_absolute,T0.3,60.39589934363187,70.24511090656955,-5.5390178764673,-5.539017876467302,0.43429438335671217,0.4342943833567122,TRUE,NA
72,fvfm_absolute,T0.3,NA,NA,NA,NA,NA,NA,FALSE,Insufficient data points
73,fvfm_absolute,T0.3,46.85678355492568,52.66788006613976,-3.2680552399354776,-3.268055239935479,0.9900027354518277,0.9900027354518277,TRUE,NA
74,fvfm_absolute,T0.3,49.26786229742574,67.80163155468885,-10.423055548994709,-10.423055548994714,0.989536072706545,0.989536072706545,TRUE,NA
75,fvfm_absolute,T0.3,45.94209889765898,62.69546130471428,-9.421787040579755,-9.421787040579755,0.9635270706152473,0.9635270706152473,TRUE,NA
76,fvfm_absolute,T0.3,55.376438333817184,76.62053960674484,-11.947297097670488,-11.947297097670495,0.9928444824094097,0.9928444824094096,TRUE,NA
77,fvfm_absolute,T0.3,54.531488268285564,61.48447301399955,-3.910232464315866,-3.910232464315867,0.9869670215886202,0.9869670215886202,TRUE,NA
78,fvfm_absolute,T0.3,NA,NA,NA,NA,0.23160412267087818,0.23160412267087827,FALSE,z out of range (10.5)
79,fvfm_absolute,T0.3,58.331331281794384,67.28952889726445,-5.037927799188785,-5.037927799188786,0.553466665075159,0.5534666650751591,TRUE,NA
80,fvfm_absolute,T0.3,NA,NA,NA,NA,NA,NA,FALSE,Insufficient data points
